Flag,"Vessel Name","Destination Port","Reported Eta","Reported Destination","Current Port",Imo,"Vessel Type - Generic","Time Of Latest Position",Latitude,Longitude
Bahamas,"SEABOURN QUEST","NEW YORK","2023-11-02 09:30:00",USNYC,"NEW YORK",9483126,Passenger,"2023-11-03 02:49:24",40.76752,-73.99762
Bermuda,ARCHIMEDES,CHELSEA,"2023-11-02 22:00:00","CHELSEA PIERS NYC","NEW YORK",1009637,"Pleasure Craft","2023-11-03 02:52:15",40.74599,-74.01118
"Hong Kong","COSCO DEVELOPMENT","NEW YORK","2023-11-02 07:30:00",USNYC,"NEW YORK",9472139,Cargo,"2023-11-03 02:51:06",40.67147,-74.1403
USA,"USNS SUPPLY",,"1900-01-01 00:00:00",0,"EARLE NAVAL STATION",8644199,"Special Craft","2023-11-01 03:40:34",40.45515,-74.05122
Liberia,"ALBERT MAERSK","SUEZ CANAL",-,EGSUZ,"NEW YORK",9260469,Cargo,"2023-11-03 02:50:17",40.66448,-74.14521
USA,"USNS RED CLOUD",BUSAN,"1900-01-01 00:00:00",,"NEW YORK",9145449,"Special Craft","2023-11-02 10:55:12",40.66311,-74.07241
Liberia,"TANGIER EXPRESS","NEW YORK","2023-10-30 16:00:00",USCHS>>USNYC,"NEW YORK",9525900,Cargo,"2023-11-03 02:48:47",40.67082,-74.07986
France,"SPINDRIFT 2",,,"No data (CLASS B transponder)",,0,"Sailing Vessel","2023-10-18 19:14:13",40.58498,-73.90204
Panama,"FUGRO EXPLORER",,"2023-11-02 18:00:00","DRILLING OPS CPA 1NM",,9208564,"Special Craft","2023-11-03 02:51:13",40.14347,-73.47916
Panama,"MSC MAUREEN","NEW YORK","2023-11-02 11:00:00",USNYC,"NEW YORK",9251717,Cargo,"2023-11-03 02:51:21",40.68328,-74.14964
USA,"ELK RIVER","NEW YORK","1900-01-01 00:00:00","US NYC","NEW YORK",9564047,Tug,"2023-11-03 02:50:10",40.67507,-74.04904
Panama,"AQUAMARINE ACE",BALTIMORE,"2023-11-03 17:00:00","US BAL",,9397987,Cargo,"2023-11-03 02:51:46",40.34683,-73.81255
Liberia,"MSC SAO PAULO V","NEW YORK","2023-10-26 14:30:00",USNYC,"NEW YORK",9147071,Cargo,"2023-11-03 02:49:27",40.68566,-74.15359
Liberia,"HAMMONIA BALTICA",NORFOLK,"2023-11-03 03:00:00",NORFOLK,,9481532,Cargo,"2023-11-01 11:03:45",39.97549,-73.84856
Italy,"GRANDE COSTA D'AVORIO","NEW YORK","2023-07-04 01:00:00",USNYC,"NEW YORK",9465382,Cargo,"2023-07-07 12:45:12",40.69255,-74.13901
Malta,TAURUS,"NEW YORK","2023-11-01 11:00:00",USNYC,"NEW YORK",9728942,Cargo,"2023-11-03 02:49:41",40.67872,-74.14597
Japan,"ONE GRUS","NEW YORK","2023-10-30 12:45:00","US NYC","NEW YORK",9806067,Cargo,"2023-11-03 02:49:35",40.67273,-74.08392
Liberia,"AGIOS DIMITRIOS","NEW YORK","2023-11-02 12:00:00",USNYC,"NEW YORK",9349605,Cargo,"2023-11-03 02:52:03",40.68133,-74.14682
Liberia,"DUBAI EXPRESS",BALTIMORE,"2023-11-04 02:00:00",USNYC>USBAL,"NEW YORK",9440825,Cargo,"2023-11-03 02:50:41",40.66051,-74.15202
Panama,"MORNING CLAIRE",BRUNSWICK,-,"US SSI",,9620683,Cargo,"2023-11-03 02:51:44",40.26084,-73.82034
USA,"UTOPIA IV",CHELSEA,"2023-10-10 15:00:00","CHELSEA PIERS NYC","NEW YORK",9851050,"Pleasure Craft","2023-11-03 02:47:36",40.7464,-74.01029
Panama,"GRAND DOLPHIN",DAVISVILLE,-,"US DVV","NEW YORK",9279329,Cargo,"2023-11-03 02:51:06",40.69767,-74.1508
Liberia,"ZIM PUSAN",BALTIMORE,"2023-11-04 03:00:00",USBAL,"NEW YORK",9200706,Cargo,"2023-11-03 02:49:43",40.66183,-74.15531
Liberia,"ORANGE SUN","NEW YORK","2023-11-01 02:00:00",USEWR,"NEW YORK",9342580,Tanker,"2023-11-03 02:51:15",40.68881,-74.13605
USA,"USNS GYSGT FRED W.STOCKHAM",,"2023-08-14 08:00:00","NWS EARLE, NJ","EARLE NAVAL STATION",7825423,"Special Craft","2023-11-03 02:51:43",40.45515,-74.05466
USA,"CANYON RUNNER",,,"No data (CLASS B transponder)",,0,"Pleasure Craft","2023-10-16 21:01:18",40.07685,-73.95816
USA,"ATLANTIC SALVOR","NEW YORK","2023-07-08 07:00:00","US EWR","NEW YORK",7719624,Tug,"2023-11-03 02:50:29",40.6995,-74.15169
USA,"USNS WALTER S.DIEHL",,"1900-01-01 00:00:00",0,"EARLE NAVAL STATION",8511495,Tanker,"2022-04-02 12:57:56",40.4559,-74.0542
USA,"RUTH M. REINAUER","NEW YORK","2023-11-02 09:30:00","US NYC","NEW YORK",9559779,Tug,"2023-11-03 02:51:26",40.6606,-74.04465
Malta,"CMA CGM BEIRA",CARTAGENA,-,COCTG,,9302956,Cargo,"2023-11-03 02:51:46",40.46129,-73.85992
"Marshall Is","PALANCA CADIZ",BAYWOOD,"2023-10-31 16:00:00","US BAY","NEW YORK",9748007,Tanker,"2023-11-03 02:52:17",40.63445,-74.06199
Malta,"CSL FLEXVIK","NEW YORK","2023-11-02 18:00:00","ST. GEORGE BERMUDA","ST GEORGES",9521825,Cargo,"2023-10-31 04:16:28",40.43623,-73.75169
USA,"KINGS POINTER","KINGS POINT","2023-10-20 07:00:00","KINGS POINT,NY","KINGS POINT",7925302,"Special Craft","2023-11-03 02:49:25",40.81167,-73.7655
"Marshall Is",OLEANDER,"NEW YORK","2023-11-03 00:15:00",USNYC,"NEW YORK",9827334,Cargo,"2023-11-03 02:51:18",40.66864,-74.14223
USA,"STEPHEN REINAUER",,"1900-01-01 00:00:00","XX XXX>US^0HV5","NEW YORK",7046170,Tug,"2023-11-03 02:49:32",40.66874,-74.01681
USA,"CG PENOBSCOT BAY",BAYONNE,-,"MOT BAYONNE","NEW YORK",8635186,Tug,"2023-11-03 02:47:10",40.67204,-74.08804
USA,"KRISTIN POLING",,"1900-01-01 00:00:00",US^11XV>0Q86,"NEW YORK",9378759,Tug,"2023-11-03 02:50:37",40.65361,-74.08523
"Cayman Is",ARRIVA,CHELSEA,"2023-10-29 19:00:00","CHELSEA PIERS","NEW YORK",8988026,"Pleasure Craft","2023-11-03 02:49:27",40.74748,-74.01086
USA,"USNS 1ST LT.BALDOMERO LOPEZ",,"1900-01-01 00:00:00",NUNYA,"EARLE NAVAL STATION",8302442,"Special Craft","2023-11-03 02:49:27",40.45477,-74.05381
USA,MAKO,,"2023-11-02 10:55:00",US^0QAZ>0HVB,"PERTH AMBOY",9579896,Tug,"2023-11-03 02:49:52",40.52189,-74.24988
USA,"GRANDE CARIBE","BLOUNT BOATS","2019-10-26 12:00:00","WARREN RI","NEW YORK",8978631,Passenger,"2023-08-18 19:44:23",40.67065,-74.08498
USA,"KIMBERLY POLING",,"1900-01-01 00:00:00",US^0YY9>0HVC,"NEW YORK",8964721,Tug,"2023-10-31 16:36:19",40.64215,-74.1185
USA,"GENESIS EAGLE",,"1900-01-01 00:00:00",US^0XQN>0MCS,"NEW YORK",9117260,Tug,"2023-11-03 02:47:17",40.59934,-74.02248
USA,ZEUS,BAYBAY,"2023-10-27 08:30:00","BAYWAY NJ","NEW YORK",9506071,Tug,"2023-11-03 02:50:06",40.64509,-74.11131
USA,MAGOTHY,,"1900-01-01 00:00:00",US^0Y22>0LGQ,,9544205,Tug,"2023-11-03 02:51:28",41.0612,-73.88068
USA,"CURTIS REINAUER","NEW YORK","2023-10-30 06:00:00","US NYC","NEW YORK",9653240,Tug,"2023-11-03 02:51:08",40.62634,-74.20445
USA,"SEASTREAK NEW YORK","ATLANTIC HIGHLANDS","2023-11-03 02:46:00",,,8967620,Passenger,"2023-11-03 02:52:00",40.42025,-74.03321
Mexico,"HOS BROWNING",BAYONNE,"2023-11-01 14:00:00","BAYONE DRYDOCK","NEW YORK",9587398,"Special Craft","2023-11-03 02:51:11",40.66062,-74.07082
USA,"DACE REINAUER","NEW YORK","2023-11-03 08:30:00",NYC,,8993368,Tug,"2023-11-03 02:51:30",41.2789,-73.95488
USA,"DEAN REINAUER","NEW YORK","2023-11-01 14:00:00","US NYC","NEW YORK",9653264,Tug,"2023-11-03 02:50:28",40.65077,-74.09136
USA,"EVELYN CUTLER",,"1900-01-01 00:00:00","XX XXX>US^0RRD","NEW YORK",7319058,Tug,"2023-11-03 02:51:59",40.64307,-74.116
USA,"B. FRANKLIN REINAUER","NEW HAVEN","2023-11-03 03:30:00","US NYC>US HVN",,9653238,Tug,"2023-11-03 02:51:40",40.99199,-73.4323
USA,"NANTUCKET EXPRESS","ATLANTIC HIGHLANDS","1900-01-01 00:00:00",,"ATLANTIC HIGHLANDS",8982010,Passenger,"2023-11-01 00:38:29",40.41927,-74.03416
USA,"SEASTREAK NEW JERSEY",BELFORD,"1900-01-01 00:00:00",,BELFORD,8968272,"High Speed Craft","2023-11-03 02:50:02",40.43339,-74.07895
USA,"EMPIRE STATE","NEW YORK","2023-09-18 12:00:00","NEW YORK, NEW YORK",,9910313,"Special Craft","2023-10-18 21:15:48",40.80505,-73.79621
"Marshall Is","FRONT THOR","NEW YORK","2023-10-29 20:00:00","NEW YORK","AMBROSE ANCH",9399480,Tanker,"2023-11-03 02:46:35",40.49055,-73.64797
USA,"PATRICE MCALLISTER","NEW YORK","2023-10-29 10:00:00","NEW YORK NY","NEW YORK",9215799,Tug,"2023-10-30 02:00:36",40.64042,-74.16331
USA,"SAINT EMILION",,"1900-01-01 00:00:00",US^0Y2X>0Y0U,"NEW YORK",8741832,Tug,"2023-11-03 02:52:07",40.64959,-74.11076
Panama,"NACC NEWYORKER",,"2023-11-01 06:00:00","NY USA","PORT MORRIS",9499723,Cargo,"2023-11-03 02:48:12",40.80523,-73.89822
USA,"DORIS MORAN","NEW YORK","2023-04-28 20:30:00",USNYC,"NEW YORK",8121800,Tug,"2023-11-03 02:49:52",40.64098,-74.12981
USA,"DREDGE NEW YORK",,"1900-01-01 00:00:00",,"NEW YORK",8639065,Cargo,"2023-11-03 02:41:10",40.63889,-74.15146
USA,"TREASURE COAST",,"2023-09-03 12:00:00","NY,NY","NEW YORK",9448267,Tug,"2023-11-03 02:51:03",40.66302,-74.00108
USA,"WYE RIVER","NEW YORK","2023-11-01 04:00:00","NEW YORK HARBOR","NEW YORK",9512379,Tug,"2023-11-03 02:48:40",40.67063,-74.08471
USA,"MEAGAN ANN","NEW YORK","2023-10-11 06:00:00","PORT NEWARK NJ","NEW YORK",8976281,Tug,"2023-11-03 02:51:24",40.68193,-74.14203
USA,"CHRISTINE MCALLISTER","NEW YORK","2023-08-08 16:00:00","NEW YORK HARBOR","NEW YORK",7390985,Tug,"2023-11-03 02:49:59",40.64086,-74.16415
USA,FB343,BROOKLYN,"1900-01-01 00:00:00",,"NEW YORK",0,Other,"2023-11-03 02:50:37",40.74064,-74.01241
Liberia,"STOLT INVENTION","PORT AU PRINCE",-,HTPAP,,9102100,Tanker,"2023-11-03 02:51:25",40.50682,-74.25846
USA,"TIMOTHY L. REINAUER",,-,US^0Y3P>0Q66,"NEW YORK",7902049,Tug,"2023-11-03 02:49:37",40.54273,-74.25306
USA,"THOMAS D WITTE","NEW YORK",-,"PORT NEWARK","NEW YORK",8841905,Tug,"2023-11-03 02:49:45",40.70006,-74.15252
Denmark,"TORM ADVENTURER","NEW YORK","2023-10-30 19:00:00",USNYC,"AMBROSE ANCH",9326914,Tanker,"2023-11-03 02:50:35",40.50799,-73.65498
Liberia,GHIBLI,"NEW YORK","2023-10-30 12:00:00",VILIB>USNYC,"AMBROSE ANCH",9417799,Tanker,"2023-11-03 02:51:15",40.49966,-73.50924
USA,"EMILY ANN","NEW YORK",-,"NEWARK NJ","NEW YORK",6515667,Tug,"2023-11-02 13:40:23",40.70112,-73.97621
USA,PATUXENT,"NEW YORK","2023-11-03 02:00:00","NEW YORK, NY","NEW YORK",9544229,Tug,"2023-11-03 02:50:53",40.66012,-74.03703
USA,"KATHERINE WALKER",,-,"MILITARY OPS",,9155597,"Special Craft","2023-11-03 02:44:44",41.27372,-73.96569
USA,"FDNY F B BRAVEST",,"1900-01-01 00:00:00","NY HARBOR","NEW YORK",0,"Search and Rescue","2023-08-21 12:25:13",40.70498,-73.97298
USA,"SARAH ANN","HUNTS POINT","2023-10-21 03:15:00","BRONX RIVER","NEW YORK",8983117,Tug,"2023-11-03 02:48:29",40.68442,-74.07355
USA,"THE BEATRICE",,"1900-01-01 00:00:00","XX XXX>US^0RV2","NEW YORK",8117964,Tug,"2023-11-03 02:50:05",40.64538,-74.12137
USA,"BARNEY TURECAMO","NEW YORK","2023-09-21 15:00:00","US NYC","NEW YORK",9132105,Tug,"2023-11-03 02:50:47",40.64925,-74.04182
USA,SCHUYLKILL,"NEW YORK","1900-01-01 00:00:00",NYC,"NEW YORK",0,Tug,"2023-11-01 01:16:05",40.66818,-74.00146
USA,SEELEY,GREENVILLE,"2023-06-28 06:32:00","GREENVILLE YARD","NEW YORK",8987113,Tug,"2023-11-03 02:51:50",40.68725,-74.03244
USA,"FELLS POINT",,"1900-01-01 00:00:00",US^0RQZ>0Y52,"NEW YORK",9704427,Tug,"2023-11-03 02:52:12",40.68755,-74.15647
USA,"THOMAS DANN","LOST PENINSULA","2023-10-20 04:00:00","ERIE BASIN","NEW YORK",8003307,Tug,"2023-11-03 02:51:28",40.67107,-74.01715
USA,"ERNEST CAMPBELL","NEW YORK","1900-01-01 00:00:00",,"NEW YORK",7045982,Tug,"2023-09-12 16:09:32",40.66632,-74.06879
Malta,"PS GENOVA","NEW YORK","2023-11-01 11:00:00",DZSKI>USNYC,"NEW YORK",9439383,Tanker,"2023-11-03 02:51:09",40.62068,-74.05563
USA,"GEORGE HOLLAND","NEW YORK","2023-11-03 03:00:00","NEW YORK NY","NEW YORK",9544243,Tug,"2023-11-03 02:49:51",40.66533,-74.05583
USA,"SEASDREA HIGHLANDS",BELFORD,"1900-01-01 00:00:00",,BELFORD,9270270,Passenger,"2023-11-03 02:49:20",40.43354,-74.07883
USA,"MARY TURECAMO","NEW YORK",-,USNYC,"NEW YORK",8201258,Tug,"2023-11-03 02:49:39",40.64048,-74.12931
USA,"BRUCE A.MCALLISTER","NEW YORK",-,"NEW YORK HARBOR","NEW YORK",7391018,Tug,"2023-11-03 02:50:02",40.64077,-74.16335
USA,"STEPHANIE DANN",,"1900-01-01 00:00:00",US^0LBR,"NEW YORK",8968600,Tug,"2023-11-03 02:50:05",40.6653,-74.01598
Panama,"TBC PROGRESS","RIVERWALK LANDING","2023-11-02 12:00:00","US YKW",YONKERS,9489821,Cargo,"2023-11-03 02:51:33",40.92871,-73.90582
USA,"WILLIAM F FALLON JR",,"1900-01-01 00:00:00",US^0Y8T>0LGQ,"NEW YORK",9137325,Tug,"2023-11-03 02:50:47",40.66578,-74.04301
USA,BUCHANAN12,"STONE HARBOR","2023-11-03 03:00:00","WHITE STONE MOORINGS","PORT MORRIS",0,Tug,"2023-11-03 02:51:39",40.80229,-73.89164
USA,"JILL REINAUER","NEW YORK","2023-10-13 19:30:00","US NYC",SEWAREN,7042813,Tug,"2023-11-03 02:50:56",40.55733,-74.24089
USA,"JAMAICA II",,,"No data (CLASS B transponder)",,0,Fishing,"2023-11-02 20:39:06",40.10151,-74.02951
USA,"SHANNON DANN",,"1900-01-01 00:00:00","XX XXX",,7207748,Tug,"2023-11-03 02:51:58",40.48187,-74.00819
USA,"NEW JERSEY",,-,"CM-NJ / LW-DE","NEW YORK",8643078,Passenger,"2023-11-03 02:49:30",40.64285,-74.11629
USA,"MARILYN GEORGE",,"1900-01-01 00:00:00",US^0NGH>0Q7M,"NEW YORK",8987151,Tug,"2023-11-03 02:49:17",40.71638,-74.1231
USA,"NORMA K III","AMBROSE ANCH","1900-01-01 00:00:00",,,0,Passenger,"2023-10-29 04:56:59",40.09746,-74.00736
USA,"HMS LIBERTY",,"1900-01-01 00:00:00",US^0NJ5>0YFC,"NEW YORK",1179705,Tug,"2023-11-03 02:50:10",40.6915,-74.13535
Panama,KARAVAS,"NEW YORK","2023-10-26 08:00:00",USNYC,"AMBROSE ANCH",9420631,Tanker,"2023-11-03 02:49:48",40.498,-73.52991
USA,"MISTER T","NEW YORK","1900-01-01 00:00:00",,,8968222,Tug,"2023-11-03 02:51:36",40.99077,-73.38319
USA,"JAMES WILLIAM",,"2023-11-03 06:14:00","NY HARBOR",,8654364,Tug,"2023-11-03 02:52:02",40.56292,-73.94759
USA,"DOUGLAS J","NEW YORK",-,"NEW YORK CITY","NEW YORK",8991047,Tug,"2023-11-03 02:50:16",40.69948,-74.15141
Liberia,"STOLT ILEX","NEW YORK","2023-11-02 20:00:00","US NYC","NEW YORK",9505936,Tanker,"2023-11-03 02:49:27",40.69422,-74.14088
USA,JAMAICA,BRIELLE,"1900-01-01 00:00:00",,,0,Passenger,"2023-10-24 11:32:15",40.04777,-73.97715
USA,"ROBERT BURTON","NEW YORK","2023-11-03 08:51:00","NY HARBOR",,8644369,Tug,"2023-11-03 02:50:44",40.7714,-73.85281
"Marshall Is","MAPLE STAR","NEW YORK","2023-10-31 12:00:00","US NYC","NEW YORK",9662370,Cargo,"2023-11-03 02:50:06",40.68467,-74.1395
USA,"FRANKLIN REINAUER","NEW YORK","2023-10-31 00:01:00","NEW YORK","NEW YORK",8987462,Tug,"2023-11-03 02:50:39",40.66792,-74.01698
USA,ALEXANDRA,"PERTH AMBOY","1900-01-01 00:00:00",US^0XPB>0MBZ,"PERTH AMBOY",7512014,Tug,"2023-11-03 02:49:46",40.53759,-74.25343
USA,PATHFINDER,"FISHING BAY","2023-11-02 14:30:00","FLUSHING BAY MTS","NEW YORK",7235214,Tug,"2023-11-03 02:51:30",40.64874,-74.09264
USA,"BRIAN NICHOLAS",,-,USECNY,"NEW YORK",8851297,Tug,"2023-11-03 02:52:18",40.69981,-74.15221
USA,"ATLANTIC ENTERPRISE","NEW YORK",-,"NEWARK NJ","NEW YORK",7417240,Tug,"2023-11-03 02:50:44",40.69953,-74.15183
USA,"MADDIE K",,"2023-11-03 05:42:00","XX XXX>US^0LGX","NEW YORK",0,Tug,"2023-11-03 02:50:08",40.66307,-74.0013
USA,"JOHN F.KENNEDY","NEW YORK","2021-09-26 00:00:00","ST GEORGE","NEW YORK",8643195,Passenger,"2023-06-14 21:21:59",40.73365,-74.01833
USA,NEPTUNE,"FORT HANCOCK","2023-11-02 05:00:00","SANDY HOOK",,8860406,Tug,"2023-11-03 02:51:27",40.47563,-74.02377
USA,"VINIK NO.6",,"1900-01-01 00:00:00","NY HARBOR","NEW YORK",7044328,Tug,"2023-11-03 02:50:59",40.56031,-74.23007
USA,"WEDDELL SEA",,"1900-01-01 00:00:00",US^0MCH>0RR5,"NEW YORK",8741820,Tug,"2022-07-20 15:02:19",40.641,-74.16518
USA,"MARJORIE B.MCALLISTER","NEW YORK","1900-01-01 00:00:00","NEW YORK CITY","NEW YORK",7391020,Tug,"2023-11-03 02:51:37",40.56557,-74.21324
USA,OLOH,,,"No data (CLASS B transponder)","STATEN ISLAND",0,"Pleasure Craft","2023-11-03 02:45:10",40.54494,-74.13627
USA,"ALLIE B",,"2023-11-03 04:05:00","XX XXX",,7626279,Tug,"2023-11-03 02:51:17",40.48447,-73.9058
USA,"JOSHUA CHOUEST",HOUMA,"2018-07-08 23:30:00","HOUMA LA","NEW YORK",9382839,"Special Craft","2023-07-21 22:28:00",40.66508,-74.08997
USA,"IVORY COAST",,-,US^0YMN,"PRINCES BAY",7042825,Tug,"2023-11-03 02:48:38",40.50705,-74.20448
USA,NAVIGATOR,,"2023-05-18 00:00:00","TOTTENVILLE NY","TOTTENVILLE (STATEN)",8999776,Tug,"2023-11-02 01:22:04",40.51805,-74.24738
USA,"BLUE RUNNER",,,"No data (CLASS B transponder)",,0,"Pleasure Craft","2023-10-06 16:19:40",40.10158,-74.0475
USA,"FIREFIGHTER II",,"1900-01-01 00:00:00","NY HARBOR","NEW YORK",0,"Search and Rescue","2023-11-03 02:52:02",40.62977,-74.0724
Liberia,"SEAWAYS LOOKOUT","NEW YORK","2023-10-23 19:30:00",USNYC,"AMBROSE ANCH",9700342,Tanker,"2023-11-03 02:51:38",40.49799,-73.62132
USA,"SPIRIT OF AMERICA","NEW YORK","2023-09-26 00:00:00","ST GEORGE","NEW YORK",9364423,Passenger,"2023-09-14 14:58:47",40.64203,-74.07281
USA,"KENDALL J HEBERT",,"2023-11-03 06:52:00","XX XXX>US^0LLG",,8975794,Tug,"2023-11-03 02:51:47",40.39051,-73.86696
"Marshall Is",ABTENAUER,"FAIRLESS HILLS","2023-10-29 14:00:00",CABCO>USFAH,"FAIRLESS HILLS",9655212,Cargo,"2023-11-03 02:51:31",40.1398,-74.755
USA,"RED HOOK","NEW YORK","2023-11-03 09:13:00","NYC SLUDGE DOCK","NEW YORK",9501916,"Special Craft","2023-11-03 02:49:18",40.78776,-73.91981
USA,"GENESIS VISION",,"1900-01-01 00:00:00","TREMLEY POINT",,8973916,Tug,"2023-11-03 02:51:47",40.32315,-73.9112
USA,"FDNY BATT","NEW YORK","1900-01-01 00:00:00",,"NEW YORK",0,"Search and Rescue","2023-11-02 22:44:46",40.70463,-73.9724
USA,"SAMUEL I.NEWHOUSE","NEW YORK","2023-04-27 00:00:00","ST GEORGE","NEW YORK",7702774,Passenger,"2023-11-03 02:51:44",40.6435,-74.0715
USA,"PAUL ANDREW",,"1900-01-01 00:00:00","NY HARBOR","NEW YORK",0,Tug,"2023-11-03 02:48:53",40.68647,-74.07788
USA,"FORT SCHUYLER","NEW YORK","1900-01-01 00:00:00","NEW YORK","NEW YORK",9781334,Tug,"2023-11-03 02:50:54",40.66994,-74.08264
USA,"GUY V.MOLINARI","NEW YORK","2023-10-09 00:00:00","ST GEORGE","NEW YORK",9333486,Passenger,"2023-11-03 02:51:41",40.64492,-74.07263
USA,"FORT MCHENRY",,"1900-01-01 00:00:00",US^0RUY>0XXG,"NEW YORK",9804681,Tug,"2023-11-03 02:49:37",40.64649,-74.04808
USA,"LIZ VINIK","NEW YORK","2023-07-04 14:00:00","NEW YORK","NEW YORK",5107918,Tug,"2023-11-03 02:49:35",40.56017,-74.22998
USA,"JUSTINE MCALLITER","NEW YORK","2023-10-25 18:00:00","NEW YORK,NY","NEW YORK",8107878,Tug,"2023-11-03 02:49:59",40.64124,-74.16397
USA,"DISCOVERY COAST",,"1900-01-01 00:00:00",US^0XWS>0Y22,"NEW YORK",9655406,Tug,"2023-11-03 02:51:51",40.64665,-74.09637
USA,PINUCCIA,,"2023-10-28 00:01:00","NY HARBOR","PERTH AMBOY",8852722,Tug,"2023-11-03 02:48:24",40.53166,-74.25243
"Marshall Is","SFL TRINITY",BAYBAY,"2023-11-02 12:00:00","BAYWAY,USA","AMBROSE ANCH",9799862,Tanker,"2023-11-03 02:49:46",40.49041,-73.5761
USA,"MARTHAS VINEYARD EX",BELFORD,"1900-01-01 00:00:00",,BELFORD,0,"High Speed Craft","2023-11-01 23:33:40",40.43328,-74.07907
USA,"KIMBERLY TURECAMO","NEW YORK","1900-01-01 00:00:00","NEW YORK,NY","NEW YORK",7914573,Tug,"2023-11-03 02:51:46",40.64112,-74.12964
USA,"RANA MILLER",MILLER,"2023-08-31 02:00:00","MILLERS LAUNCH NY","NEW YORK",9184079,"Special Craft","2023-11-03 02:46:32",40.63446,-74.07014
USA,"JAY MICHAEL","QUINCY IL",-,QUINCY,"NEW YORK",0,Tug,"2023-11-03 02:48:18",40.63875,-74.15597
"Marshall Is","SEA GULL","NEW YORK","2023-11-02 08:00:00","OFF NEW YORK TSS",,9692624,"Special Craft","2023-11-03 02:51:00",40.14303,-73.79203
USA,"HMS JUSTICE",,"1900-01-01 00:00:00","XX XXX>US^0RUY","NEW YORK",0,Tug,"2023-11-03 02:50:23",40.64869,-74.09572
USA,"CHARLES A","NEW YORK","2023-10-22 06:00:00",NYC,,8424202,Tug,"2023-11-03 02:43:03",41.03318,-73.40875
USA,COMMODORE,"ATLANTIC HIGHLANDS","2023-05-05 00:00:00","ATLANTIC HIGHLANDS","SANDY HOOK BAY",9842243,Passenger,"2023-11-03 02:49:17",40.40904,-73.99575
USA,"GO ADVENTURER",BROOKLYN,"2023-10-24 11:00:00","GMD BROOKLYN NY","NEW YORK",9643087,"Special Craft","2023-11-03 02:50:24",40.70247,-73.97343
USA,ANDREA,"NEW YORK","2023-04-21 18:00:00","NEW YORK","NEW YORK",8966717,"Special Craft","2023-11-03 02:51:24",40.64533,-74.12199
"Marshall Is","EXCELSIOR BAY","NEW YORK","2023-10-30 08:00:00",USNYC,"AMBROSE ANCH",9697612,Tanker,"2023-11-03 02:49:28",40.50345,-73.58433
Panama,"BALSA 87","FREE PORT",-,"FREE PORT","AMBROSE ANCH",9616022,Cargo,"2023-11-03 02:51:12",40.50036,-73.49369
USA,"CAPE HENRY","NEW YORK","2023-10-01 20:30:00","US NYC","NEW YORK",9865439,Tug,"2023-11-03 02:50:33",40.70087,-73.97027
USA,"RUBY M",,"2022-04-09 18:00:00","HARBOR WORK","NEW YORK",6804484,Tug,"2022-11-19 20:20:47",40.66499,-74.01611
USA,"STEPHEN DANN",,"1900-01-01 00:00:00",US^108N>0HV5,"NEW YORK",9202376,Tug,"2023-11-03 02:49:32",40.6887,-74.15916
USA,"GOLDEN EAGLE",BELMAR,"2023-10-31 20:06:00",,BELMAR,0,Unspecified,"2023-10-31 17:28:46",40.18178,-74.02925
USA,"FDNY M3","NEW YORK","1900-01-01 00:00:00",,"NEW YORK",0,"Search and Rescue","2023-10-27 13:18:57",40.7052,-73.9734
USA,"MATTHEW TIBBETTS","NEW YORK","2023-10-21 12:00:00","NEW YORK","NEW YORK",8986949,Tug,"2023-11-03 02:49:34",40.61167,-74.205
USA,PHILADELPHIA,,-,US^0XJF>0Y3Q,"NEW YORK",9819428,Tug,"2023-11-03 02:49:09",40.66659,-74.00652
USA,"MARCELLE BORDELON",,-,SURVEYCPA1NM,,9350379,"Special Craft","2023-11-03 02:52:12",40.13923,-73.56464
USA,GAMBLER,"KEN'S LANDING","2023-11-03 13:05:00",,"KEN'S LANDING",0,Fishing,"2023-11-02 19:14:05",40.10247,-74.03833
USA,"CRYSTAL CUTLER","PERTH AMBOY","2023-11-03 10:06:00",,"NEW YORK",0,Tug,"2023-11-02 23:33:29",40.59085,-74.20624
Liberia,"AL RUWAIS","NEW YORK","2023-10-31 01:00:00","NEW YORK","NEW YORK",9828405,Tanker,"2023-11-03 02:48:17",40.64868,-74.11156
USA,"FDNY M1A","NEW YORK","1900-01-01 00:00:00",,"NEW YORK",0,"Search and Rescue","2023-11-03 02:49:26",40.74055,-74.01175
USA,"MARGARET MORAN","NEW YORK","1900-01-01 00:00:00",,"NEW YORK",7908158,Tug,"2023-11-03 02:50:42",40.69781,-74.1503
USA,"ALEX MCALLISTER","NEW YORK","2023-10-24 23:59:00","NEW YORK","NEW YORK",8601159,Tug,"2023-11-03 02:51:36",40.66261,-74.15678
USA,"ROWAN M MCALLISTER","NEW YORK","2023-10-17 11:00:00","NEW YORK, NY","EARLE NAVAL STATION",8023606,Tug,"2023-11-03 02:52:09",40.4524,-74.04917
USA,"CAPE LOOKOUT",,"2023-09-24 01:00:00","NY NYC","NEW YORK",9857353,Tug,"2023-11-03 02:51:11",40.70015,-73.96938
USA,"PORT RICHMOND","NEW YORK","1900-01-01 00:00:00","NYC DEP SLUDGE DOCK","NEW YORK",9648051,"Special Craft","2023-11-03 02:48:24",40.70171,-73.96945
USA,"FDNY FB FEEHAN","NEW YORK","1900-01-01 00:00:00",,"NEW YORK",0,"Search and Rescue","2023-11-03 02:52:05",40.70481,-73.97279
"Marshall Is","GENCO ENTERPRISE","NEW YORK","2023-10-31 14:30:00","US ORF > US NYC","NEW YORK",9707699,Cargo,"2023-11-03 02:50:21",40.68605,-74.13839
USA,WESTERLY,,,"No data (CLASS B transponder)","NEW YORK",0,"Special Craft","2023-11-02 22:08:33",40.71139,-74.04807
USA,"BAYOU DAWN","NEW YORK","2023-08-26 12:30:00",USJEC>USUNA,,8955794,Tug,"2023-11-03 02:49:04",40.4896,-74.15154
USA,QUENAMES,,"2023-08-13 20:30:00","NY HARBOR","PERTH AMBOY",0,Tug,"2023-11-03 02:49:25",40.5315,-74.25238
USA,BROOKLYN,"NEW YORK","1900-01-01 00:00:00",US^0HS3>0XYR,"NEW YORK",9265718,Tug,"2023-11-03 02:50:28",40.65513,-74.04068
USA,"PILOT NEW JERSEY",,"1900-01-01 00:00:00",SWH,"NEW YORK",8515154,"Special Craft","2023-11-03 02:50:01",40.61784,-74.06464
USA,"ELLEN MCALLISTER",,"1900-01-01 00:00:00","XX XXX>US^0LJW","NEW YORK",8980892,Tug,"2023-11-03 02:50:46",40.64091,-74.16372
USA,MILLENNIUM,"NEW YORK","2023-09-17 17:30:00","NYC,NY","TOTTENVILLE (STATEN)",8994051,"High Speed Craft","2023-11-02 17:05:15",40.51684,-74.24652
USA,"ATLANTIC SURVEYOR","POINT PLEASANT","2023-10-12 19:15:00","POINT PLEASANT","KEN'S LANDING",0,Passenger,"2023-11-03 02:49:41",40.10263,-74.04335
USA,"JOSEPHINE K MILLER","STATEN ISLAND","2023-11-01 17:00:00","STATEN ISLAND NY","NEW YORK",9568835,"Special Craft","2023-11-03 02:51:48",40.63465,-74.07037
USA,JOSEPHINE,SAVANNAH,"2023-10-30 01:30:00","US SAV","NEW YORK",9862762,Tug,"2023-11-03 02:50:08",40.60691,-74.2057
USA,LUNCHBOX,"NEW YORK","1900-01-01 00:00:00","NEW YORK","NEW YORK",0,Passenger,"2023-11-03 02:34:28",40.70335,-73.9765
USA,"SEN.JOHN J.MARCHI","NEW YORK","2023-09-20 00:00:00","ST GEORGE","NEW YORK",9364411,Passenger,"2023-11-03 02:50:25",40.64225,-74.07142
USA,"KRISTY ANN","NEW YORK","2023-09-13 19:00:00",USNYC,"NEW YORK",9862774,Tug,"2023-09-16 23:59:15",40.64072,-74.12894
USA,"SAGINAW RIVER","ATLANTIC CITY","1900-01-01 00:00:00","ATLANTIC CITY, NEW J","NEW YORK",0,"Special Craft","2023-11-02 17:34:59",40.63898,-74.15092
USA,"DORTHY J",,"2023-06-23 03:30:00",UNKNOWN,"NEW YORK",0,Tug,"2023-10-12 05:13:18",40.70474,-73.97256
Panama,"NORDIC CALLAO","NEW YORK","2023-11-02 08:00:00","US NYC","NEW YORK",9796822,Tanker,"2023-11-03 02:27:27",40.58435,-74.20945
USA,"NORTHERN K",,,"No data (CLASS B transponder)","KEN'S LANDING",8616984,Fishing,"2023-11-03 02:49:22",40.10269,-74.0432
USA,PARAMOUNT,BRIELLE,,"No data (CLASS B transponder)",,0,Fishing,"2023-11-02 11:16:55",40.08431,-73.93063
USA,"MIRIAM MORAN",,-,"NY HARBOR","NEW YORK",7908146,Tug,"2023-10-18 16:31:46",40.64169,-74.11931
USA,"ANDREW J.BARBERI","NEW YORK",-,"ST GEORGE","NEW YORK",7702762,Passenger,"2023-10-23 14:36:27",40.64201,-74.07288
USA,"LAURA K MORAN","NEW YORK",-,NYC,"NEW YORK",9415765,Tug,"2023-11-03 02:51:57",40.69843,-74.15237
USA,CHARLESTON,"NEW YORK","2023-11-02 15:30:00","US NYC","NEW YORK",9881213,Tug,"2023-11-03 02:51:22",40.65446,-74.08459
USA,"SEA FOX",,-,"NY NY","NEW YORK",7129465,Tug,"2023-11-03 02:51:47",40.68612,-74.07745
USA,"KIRBY MORAN","NEW YORK",-,"NEW YORK","NEW YORK",9778349,Tug,"2023-11-03 02:51:53",40.64145,-74.12959
USA,"JASON REINAUER",,-,"US NY","NEW YORK",7437056,Tug,"2023-11-03 02:51:07",40.55623,-74.2244
USA,"SUSAN ROSE",,"1900-01-01 00:00:00","XX XXX>US^0QAW","NEW YORK",9840805,Tug,"2023-11-03 02:51:26",40.64573,-74.15562
USA,"JANICE ANN REINAUER","NEW YORK","2023-11-02 13:00:00",NYC,,9903932,Tug,"2023-11-03 02:47:58",40.81414,-73.97377
Denmark,"MAERSK CRETE","NEW YORK","2023-11-02 15:00:00",USNYC,"NEW YORK",9786190,Tanker,"2023-11-03 02:49:59",40.64641,-74.04803
USA,THUNDER,,"1900-01-01 00:00:00",US^0Q66>0XYC,"NEW YORK",0,"Special Craft","2023-11-03 02:52:10",40.64931,-74.11017
USA,"JONATHAN C.MORAN","NEW YORK","2023-07-04 12:00:00",,"NEW YORK",9799288,Tug,"2023-11-03 02:52:11",40.64085,-74.12979
USA,"JRT MORAN","NEW YORK","1900-01-01 00:00:00",,"NEW YORK",9794707,Tug,"2023-11-03 02:51:01",40.64061,-74.12971
USA,"SEA DART II",,"2023-10-21 19:00:00","US LDJ","NEW YORK",0,Other,"2023-10-21 18:02:32",40.60425,-74.21555
USA,"NEW YORK","NEW YORK","1900-01-01 00:00:00","NEW YORK","NEW YORK",7437068,"Special Craft","2023-08-25 14:51:41",40.68908,-74.13306
USA,"PAULA ATWELL",,"2023-11-01 00:00:00",NYHARBOR,"NEW YORK",9202364,Tug,"2023-11-03 02:44:03",40.66914,-73.99877
USA,"FDNY M9B",WHITEHALL,"1900-01-01 00:00:00",,"NEW YORK",0,"Search and Rescue","2023-11-03 02:50:18",40.62948,-74.07175
USA,"ALICE WINSLOW","NEW YORK","2023-06-28 15:45:00","NEW YORK DREDGE OPS",,7829340,Tug,"2023-11-03 02:50:49",40.49997,-74.13616
USA,"DALE PYATT",BALTIMORE,-,"BALTIMORE MD",,0,"Special Craft","2023-11-03 02:48:01",40.50688,-74.20383
USA,R.B.WEEKS,,"2023-11-03 05:22:00","RARITAN BAY","AMBROSE ANCH",9910985,"Special Craft","2023-11-03 02:51:22",40.44125,-73.93556
USA,"JAMES D MORAN","NEW YORK","1900-01-01 00:00:00","NEW YORK NJ HBR","NEW YORK",9786499,Tug,"2023-11-03 02:50:38",40.64127,-74.12985
USA,CG,,"1900-01-01 00:00:00",,"NEW YORK",0,"Special Craft","2023-11-02 17:04:39",40.67271,-74.08997
USA,"CAPTAIN D",,"1900-01-01 00:00:00",US^0YXR>0LJC,"NEW YORK",8424587,Tug,"2023-11-03 02:51:57",40.73425,-73.96725
USA,"JOHN A NOBLE","NEW YORK",-,"ST GEORGE","NEW YORK",8643054,Passenger,"2023-11-02 10:03:09",40.64122,-74.07277
USA,ROCKAWAY,"NEW YORK","2023-11-01 12:37:00",,,9648063,"Special Craft","2023-11-03 02:48:23",40.80206,-73.8849
USA,"HUNTS POINT","NEW YORK",-,"NYC SLUDGE DOCK","NEW YORK",9648049,"Special Craft","2023-11-03 02:51:12",40.73557,-73.94683
USA,"EMMA ROSE","STATEN ISLAND","2023-11-03 05:30:00","KMI STATEN ISLAND",,8635459,Tug,"2023-11-03 02:52:15",40.56379,-73.92896
USA,"FDNY M4","NEW YORK","1900-01-01 00:00:00",,"NEW YORK",0,"Search and Rescue","2023-10-27 12:14:11",40.70521,-73.97344
USA,"CHARLES D MCALLISTER","NEW YORK",-,"NEW YORK HARBOR","EARLE NAVAL STATION",6801418,Tug,"2023-11-03 02:49:52",40.45232,-74.04922
USA,COURAGEOUS,,"1900-01-01 00:00:00","XX XXX>US^0XLX","ATLANTIC HIGHLANDS",9891555,Passenger,"2023-11-03 02:51:03",40.41908,-74.03429
USA,"WILLIAM & LAUREN",,,"No data (CLASS B transponder)","KEN'S LANDING",7948433,Fishing,"2023-10-05 13:56:19",40.10141,-74.03768
USA,"JERSEY PRIDE",,,"No data (CLASS B transponder)","KEN'S LANDING",8983519,Fishing,"2023-11-03 02:50:52",40.10237,-74.04262
USA,"CAPE CANAVERAL","NEW YORK","2023-10-29 15:30:00","US NYC","NEW YORK",9877602,Tug,"2023-11-03 02:51:40",40.55829,-74.21911
USA,"PILOT NEW YORK",,-,SWH,"AMBROSE ANCH",9005833,Tug,"2023-11-03 02:52:13",40.46203,-73.8407
USA,"NORTH RIVER","NEW YORK","1900-01-01 00:00:00",,"NEW YORK",7366324,"Special Craft","2023-11-03 02:50:13",40.78687,-73.92068
USA,DAUNTLESS,"KEN'S LANDING","1900-01-01 00:00:00",,"KEN'S LANDING",0,Passenger,"2023-11-02 11:27:19",40.10089,-74.03767
USA,"FDNY M6B",NORFOLK,"1900-01-01 00:00:00",,"NEW YORK",0,"Search and Rescue","2023-10-24 16:38:07",40.70523,-73.9734
Singapore,"WAN HAI A09","NEW YORK","2023-11-02 20:00:00",USNYC,"NEW YORK",9555113,Cargo,"2023-11-03 02:49:24",40.66097,-74.14738
USA,"DELAWARE BAY",,"1900-01-01 00:00:00",,"NEW YORK",0,"Special Craft","2023-11-02 19:59:08",40.69193,-74.13824
USA,"MARIE J.TURECAMO",,-,"NY NY","NEW YORK",7337880,Tug,"2023-11-03 02:50:36",40.64046,-74.12936
USA,"ABRAHAM LINCOLN",,"1900-01-01 00:00:00",,"NEW YORK",0,Passenger,"2023-11-03 02:00:27",40.77111,-74.01157
USA,"J ARNOLD WITTE","NEW YORK",-,"NEWARK, NJ","NEW YORK",0,Tug,"2023-11-03 02:49:02",40.66285,-74.13791
USA,"CAPTAIN BRIAN A.MCALLISTER","NEW YORK","2023-08-05 18:00:00","NY NEW YORK","NEW YORK",9813632,Tug,"2023-11-03 02:49:16",40.6411,-74.16399
USA,"EVENING TIDE","NEW YORK","1900-01-01 00:00:00",,"NEW YORK",7435759,Tug,"2021-09-29 23:23:49",40.68815,-74.00699
USA,MUSHIN,,,"No data (CLASS B transponder)",,0,"Pleasure Craft","2023-10-30 18:09:56",40.07453,-74.03544
USA,"STEPHEN B","NEW YORK","2023-09-16 23:59:00","NEW YORK HARBOR","TOTTENVILLE (STATEN)",0,Tug,"2023-11-03 02:43:14",40.51714,-74.24644
USA,"STARSTREAM VIII",,"1900-01-01 00:00:00","ALANTIC OCEAN",,0,Passenger,"2023-10-31 16:53:23",40.57393,-73.6209
USA,"JP BOISSEAU","NEW YORK","1900-01-01 00:00:00",,"NEW YORK",0,"Special Craft","2023-11-02 19:11:01",40.69071,-74.13729
Vanuatu,"IRON SALVOR","NEW YORK","2023-10-14 15:00:00",USNYC,"TOTTENVILLE (STATEN)",9334648,Tug,"2023-09-27 13:41:53",40.51787,-74.24711
Malta,"EBN HAWKEL",BAYBAY,"2023-10-31 08:12:00","BAYWAY NJ","AMBROSE ANCH",9874507,Tanker,"2023-11-03 02:51:35",40.48482,-73.61026
USA,"SPIRIT OF NEW YORK","NEW YORK","1900-01-01 00:00:00",,"NEW YORK",0,Passenger,"2023-11-02 01:32:57",40.75758,-74.01816
USA,"ALICE AUSTEN",WHITEHALL,"2023-08-10 00:00:00",WHITEHALL,"NEW YORK",8643028,Passenger,"2023-11-03 02:52:09",40.64312,-74.07129
USA,WINDQUEST,,,"No data (CLASS B transponder)",,0,"Sailing Vessel","2023-09-02 10:13:50",41.01517,-73.53684
USA,"MIKAYLA ALEXA",,,"No data (CLASS B transponder)","KEN'S LANDING",0,Fishing,"2023-11-03 02:52:04",40.10219,-74.03907
USA,"CAPE FEAR","NEW YORK",-,"XX XXX>US^0XYR","NEW YORK",9914307,Tug,"2023-11-03 02:51:43",40.67171,-74.04771
USA,"URBAN JOURNEY","NEW YORK","1900-01-01 00:00:00","NEW YORK CITY","NEW YORK",0,Passenger,"2023-11-03 02:24:09",40.70427,-73.97667
USA,"CAPE HATTERAS","NEW YORK","1900-01-01 00:00:00","XX XXX>US^0RNR",,9877597,Tug,"2023-11-03 02:52:11",40.49415,-74.25551
USA,"CG HAMMERHEAD","WOODS HOLE","1900-01-01 00:00:00",,,0,"Special Craft","2023-08-20 13:32:30",40.47567,-73.77547
USA,"CAPTAIN DAVE III","NEW YORK","1900-01-01 00:00:00",,"NEW YORK",0,Passenger,"2023-11-03 02:51:00",40.58335,-73.94362
USA,"CMT PIKE",,"1900-01-01 00:00:00",US^0XVG>0XPB,"NEW YORK",0,"Special Craft","2023-11-03 02:49:00",40.63922,-74.14639
USA,"LUCY REINAUER","NEW YORK","1900-01-01 00:00:00",USNYC,"NEW YORK",7304003,Tug,"2020-11-11 01:34:56",40.64022,-74.12825
USA,"BERING DAWN","ATLANTIC CITY",-,"ATLANTIC. CITY","NEW YORK",0,Tug,"2023-11-03 02:51:00",40.68675,-74.07827
USA,"FDNY M6A",BAYONNE,"1900-01-01 00:00:00",,"NEW YORK",0,"Search and Rescue","2023-11-03 02:50:30",40.70471,-73.97258
USA,FISHERMEN,"AMBROSE ANCH","1900-01-01 00:00:00",,,0,Fishing,"2023-10-17 15:29:55",40.53307,-74.09617
USA,"MELISSA K","MANASQUAN INLET",,"No data (CLASS B transponder)","KEN'S LANDING",7802562,"Special Craft","2023-11-03 02:51:37",40.10242,-74.04486
Liberia,"NAVIG8 GAUNTLET","NEW YORK","2023-11-01 07:45:00","US NYC","AMBROSE ANCH",9853228,Tanker,"2023-11-03 02:49:23",40.48275,-73.63008
USA,"ARMY CORPS NYSB 1",,,"No data (CLASS B transponder)","NEW YORK",0,"Special Craft","2023-11-01 14:10:28",40.68627,-74.07355
USA,NORMANDY,"PERTH AMBOY","1900-01-01 00:00:00",,,0,Tug,"2023-11-03 02:49:36",40.5197,-74.24707
USA,VOYAGER,"MANASQUAN INLET","1900-01-01 00:00:00",,,0,Fishing,"2023-10-13 16:52:42",40.08879,-73.99738
USA,MICHIGAN,,"1900-01-01 00:00:00",,"NEW YORK",8639388,"Special Craft","2023-10-27 10:49:59",40.69351,-74.13982
USA,"JORDAN ROSE",,"1900-01-01 00:00:00","XX XXX>US^0LLD","NEW YORK",9629768,Tug,"2023-11-03 02:51:35",40.64517,-74.15495
USA,"SHAWN MILLER",,"2023-09-19 00:33:00",US^0YSX>0Q81,"NEW YORK",0,Tug,"2023-11-03 02:49:31",40.63671,-74.07257
USA,"CG LINE",BURLINGTON,"1900-01-01 00:00:00",,"NEW YORK",0,"Special Craft","2023-11-03 02:35:51",40.67275,-74.09022
USA,"MI JO II","ATLANTIC HIGHLANDS","2023-10-19 18:01:00",,"ATLANTIC HIGHLANDS",0,Fishing,"2023-10-19 18:02:59",40.41857,-74.03474
USA,"FDNY M1B",,"1900-01-01 00:00:00",,"NEW YORK",0,"Search and Rescue","2023-09-06 13:20:25",40.66803,-74.13913
USA,"WEEKS 551","NEW LONDON","1900-01-01 00:00:00",,,0,"Special Craft","2023-11-03 02:49:20",40.48139,-74.00847
USA,"MAIZEY JAMES",,,"No data (CLASS B transponder)","KEN'S LANDING",0,Fishing,"2023-11-02 00:53:53",40.10231,-74.04226
USA,"SUSAN MILLER",,"2023-07-27 13:58:00",US^0RVQ>0MJV,"NEW YORK",0,Tug,"2023-11-02 22:13:22",40.63646,-74.07183
"Marshall Is","NORD MIRAI","NEW YORK","2023-11-02 18:00:00","US NYC","PERTH AMBOY",9890939,Tanker,"2023-11-03 01:56:15",40.54063,-74.25347
USA,"FRIENDSHIP EXPRESS","NEW YORK","1900-01-01 00:00:00","NEW YORK CITY","NEW YORK",0,Passenger,"2023-11-03 01:51:56",40.70446,-73.97598
USA,"SUNSET CROSSING","NEW YORK","1900-01-01 00:00:00",,"NEW YORK",0,Passenger,"2023-11-02 23:48:19",40.70397,-73.97682
USA,"WAVES OF WONDER","NEW YORK","2023-09-14 00:00:00","NEW YORK","NEW YORK",0,Passenger,"2023-11-03 00:29:04",40.70256,-73.97633
USA,"DIANE B","NEW YORK","2023-11-02 23:00:00","NEWARK,NJ","NEW YORK",0,Tug,"2023-11-03 02:49:43",40.70896,-74.12159
USA,PELHAM,"NEW YORK","1900-01-01 00:00:00",,"NEW YORK",5108182,Tug,"2023-11-03 02:51:52",40.67624,-74.07567
USA,"EMPIRE STATE",,"1900-01-01 00:00:00","PIER79 & WEEHAWKEN","NEW YORK",0,Passenger,"2023-11-03 00:01:50",40.7713,-74.01212
"Marshall Is",MIGRATION,NORWALK,"2022-03-17 14:00:00",NORWALK,"NORWALK COVE",0,"Pleasure Craft","2021-10-05 18:07:31",41.08377,-73.39983
USA,"PB JOHN E. FLYNN",,,"No data (CLASS B transponder)",YONKERS,0,"Special Craft","2023-10-27 15:15:58",40.93909,-73.90894
USA,"FOXY 3",,"2023-06-23 03:30:00",UNKNOWN,"NEW YORK",8991798,Tug,"2023-11-03 02:50:35",40.6417,-74.12122
USA,JUSTINE,"NEW YORK",,"No data (CLASS B transponder)","NEW YORK",0,"Pleasure Craft","2023-10-28 20:06:04",40.72606,-74.03433
USA,"MAJESTIC PRINCESS","PERTH AMBOY","1900-01-01 00:00:00",,"NEW YORK",0,Passenger,"2023-11-03 01:02:47",40.64081,-74.07246
USA,"JERSEY GIRL",,,"No data (CLASS B transponder)","TOTTENVILLE (STATEN)",8719487,Fishing,"2023-10-24 14:41:59",40.51704,-74.24674
USA,"SPIRIT OF NEW JERSEY","PORT JEFFERSON","1900-01-01 00:00:00",,"NEW YORK",0,Passenger,"2023-10-28 01:48:50",40.74799,-74.01028
USA,"LAURA LEE EXPRESS",,,"No data (CLASS B transponder)","CAPTREE STATE PARK",0,Other,"2023-10-21 10:52:07",40.64194,-73.25551
USA,"NRC GUARDIAN",,"2023-06-07 04:00:00","UPER NY HARBOR","NEW YORK",8978497,"Special Craft","2023-11-03 02:49:31",40.63848,-74.15612
USA,"MOLLY PITCHER","SOUTH AMBOY","1900-01-01 00:00:00","BROOKLYN CHARLIE","SOUTH AMBOY",9725275,Passenger,"2023-11-02 23:31:04",40.48985,-74.27433
USA,"SNOW GOOSE",,,"No data (CLASS B transponder)","NEW YORK",0,"Sailing Vessel","2023-09-21 23:11:18",40.64059,-74.19445
USA,"AVA M MCALLISTER",,"1900-01-01 00:00:00",US^0YMN>0LGQ,"NEW YORK",9857561,Tug,"2023-11-03 02:48:53",40.64075,-74.16376
USA,"HENRY HUDSON",,"1900-01-01 00:00:00","HARBOR CRUISE","NEW YORK",0,Passenger,"2023-10-09 23:10:23",40.76083,-74.00395
USA,"HORNBLOWER SENSATION",,"1900-01-01 00:00:00","HARBOR TOUR","NEW YORK",0,Passenger,"2023-10-31 00:21:55",40.74696,-74.01063
USA,"HAPPY HAULER",,"1900-01-01 00:00:00",US^0MCH>0MCP,"NEW YORK",8635136,Passenger,"2023-10-02 19:29:23",40.70358,-73.97637
USA,"CONG ROBERT A ROE",,"1900-01-01 00:00:00",,"NEW YORK",1386645,Passenger,"2023-11-02 23:36:42",40.77661,-74.00974
USA,"CG BELUGA","FORT HANCOCK","1900-01-01 00:00:00",,"FORT HANCOCK",0,"Special Craft","2023-11-03 02:47:05",40.4668,-74.0099
USA,GELBERMAN,,"2023-10-12 18:46:00","XX XXX>US^0LG8","NEW YORK",8111178,Tug,"2023-11-02 19:12:25",40.6822,-74.06989
USA,OCEANQUEENROCKSTAR,"NEW YORK","2023-07-09 13:00:00",NYC,"NEW YORK",0,Other,"2023-11-03 02:46:03",40.70439,-73.9766
USA,ATLANTICA,"NEW YORK","1900-01-01 00:00:00",,"NEW YORK",8986119,Passenger,"2023-10-29 02:19:52",40.74803,-74.01076
USA,"JAIME MAE",,,"No data (CLASS B transponder)",,8885602,Fishing,"2023-11-02 09:16:56",40.05184,-73.55798
USA,"FJ BELESIMO",BOSTON,"1900-01-01 00:00:00",,,0,Other,"2023-10-03 14:49:19",40.49993,-74.258
USA,"CAPE ELIZABETH","PERTH AMBOY MUNICIPA","2023-11-03 04:19:00",BALTIMORE,,0,"Special Craft","2023-11-03 02:49:26",40.50699,-74.20354
USA,"BETSY ROSS","SOUTH AMBOY","1900-01-01 00:00:00",,"SOUTH AMBOY",9725287,Passenger,"2023-11-02 22:25:15",40.48975,-74.27428
